<?xml version="1.0" encoding="UTF-8"?>
<project-private xmlns="http://www.netbeans.org/ns/project-private/1">
    <editor-bookmarks xmlns="http://www.netbeans.org/ns/editor-bookmarks/2" lastBookmarkId="0"/>
    <open-files xmlns="http://www.netbeans.org/ns/projectui-open-files/2">
        <group>
            <file>file:/home/markku/Desktop/Ystavapalvelu/Ystavapalvelu/app/views/suunnitelmat/etusivu.html</file>
            <file>file:/home/markku/Desktop/Ystavapalvelu/Ystavapalvelu/app/views/base.html</file>
            <file>file:/home/markku/Desktop/Ystavapalvelu/Ystavapalvelu/app/views/home.html</file>
            <file>file:/home/markku/Desktop/Ystavapalvelu/Ystavapalvelu/app/views/helloworld.html</file>
            <file>file:/home/markku/Desktop/Ystavapalvelu/Ystavapalvelu/app/controllers/hello_world_controller.php</file>
            <file>file:/home/markku/Desktop/Ystavapalvelu/Ystavapalvelu/app/views/suunnitelmat/esittely_julkinen.html</file>
            <file>file:/home/markku/Desktop/Ystavapalvelu/Ystavapalvelu/config/routes.php</file>
            <file>file:/home/markku/Desktop/Ystavapalvelu/Ystavapalvelu/app/views/suunnitelmat/profiilin_muokkaus.html</file>
            <file>file:/home/markku/Desktop/Ystavapalvelu/Ystavapalvelu/index.php</file>
        </group>
    </open-files>
</project-private>
